9.340596780273533,9.340596780273533
0.944644983514447,0.944644983514447
9.453687199297686,9.453687199297686
4.296319873487294,4.296319873487294
3.954576491945417,3.954576491945417
-5.678210088392472,-5.678210088392472
9.525489095524836,9.525489095524836
-9.875394895908203,-9.875394895908203
-4.940352752331121,-4.940352752331121
-1.304169351911085,-1.304169351911085
5.587658435875049,5.587658435875049
-6.046298507994939,-6.046298507994939
7.259864711984445,7.259864711984445
9.668013543506255,9.668013543506255
-6.723155171906026,-6.723155171906026
1.9466788786571847,1.9466788786571847
-9.8202780466489,-9.8202780466489
-2.2685743471274122,-2.2685743471274122
-9.11679884137001,-9.11679884137001
9.133059354284718,9.133059354284718
-1.277067062404047,-1.277067062404047
8.979546135631256,8.979546135631256
5.72611971870122,5.72611971870122
7.3257859716339695,7.3257859716339695
-6.536691570081037,-6.536691570081037
-8.50102825973786,-8.50102825973786
2.0148544275553864,2.0148544275553864
-6.640556325631923,-6.640556325631923
4.667603350211397,4.667603350211397
-1.831122796959706,-1.831122796959706
0.5581764683584076,0.5581764683584076
8.75143167901884,8.75143167901884
0.43392244889916043,0.43392244889916043
-7.836132342255386,-7.836132342255386
-6.835531856304011,-6.835531856304011
0.9040530340642565,0.9040530340642565
0.4880816013694673,0.4880816013694673
2.752204882519873,2.752204882519873
-1.970091128194543,-1.970091128194543
2.9961021803868455,2.9961021803868455
-2.0619999419653467,-2.0619999419653467
2.478322270964462,2.478322270964462
5.348099341802477,5.348099341802477
-6.420521799177383,-6.420521799177383
-2.488484628249152,-2.488484628249152
0.050661186538686565,0.050661186538686565
3.7333415983269163,3.7333415983269163
-4.9264070267723366,-4.9264070267723366
1.0948172588511706,1.0948172588511706
2.4986168812819542,2.4986168812819542
7.910023321122921,7.910023321122921
-2.742928231337471,-2.742928231337471
2.7511414603747326,2.7511414603747326
-6.1710719576207325,-6.1710719576207325
-0.044117707653885674,-0.044117707653885674
-6.351091908575864,-6.351091908575864
8.367660782795255,8.367660782795255
-1.3635585731754478,-1.3635585731754478
6.603762041966924,6.603762041966924
-1.6644739064327485,-1.6644739064327485
8.09335177486734,8.09335177486734
-1.9034956537818797,-1.9034956537818797
-3.376509938177545,-3.376509938177545
1.442775405454972,1.442775405454972
6.908872981882265,6.908872981882265
7.22028623506144,7.22028623506144
1.9137623413666898,1.9137623413666898
-8.306767779591794,-8.306767779591794
1.9453321463834978,1.9453321463834978
-5.090925828337958,-5.090925828337958
4.651868971799356,4.651868971799356
7.893025846334776,7.893025846334776
0.294679418262902,0.294679418262902
2.071270207204128,2.071270207204128
-8.698643752343854,-8.698643752343854
0.8014945928561268,0.8014945928561268
-7.4162643265912465,-7.4162643265912465
2.291256927006639,2.291256927006639
-2.7269930591032416,-2.7269930591032416
5.355160686614916,5.355160686614916
-9.02931727160895,-9.02931727160895
-7.803637637643119,-7.803637637643119
3.6804643024725525,3.6804643024725525
0.2930739416731303,0.2930739416731303
1.4328274322949834,1.4328274322949834
6.874139879813107,6.874139879813107
-0.24524721700651497,-0.24524721700651497
6.202888442522898,6.202888442522898
0.20487258589880142,0.20487258589880142
8.534413864805025,8.534413864805025
3.338555430792521,3.338555430792521
-7.025463211318861,-7.025463211318861
-2.7089364934848836,-2.7089364934848836
7.3154983188819855,7.3154983188819855
-2.9942957828896866,-2.9942957828896866
-6.219484810876903,-6.219484810876903
-0.5475738166845385,-0.5475738166845385
-2.1443765035574014,-2.1443765035574014
2.378598532881872,2.378598532881872
-1.2646741612097365,-1.2646741612097365
-4.7815568541100895,-4.7815568541100895
-1.7505557667448635,-1.7505557667448635
-1.6193193089539921,-1.6193193089539921
8.048437117522816,8.048437117522816
9.592325240809707,9.592325240809707
2.4713767881382775,2.4713767881382775
-8.336317548582777,-8.336317548582777
4.6599743519198995,4.6599743519198995
3.5737080495796807,3.5737080495796807
6.5204573405043895,6.5204573405043895
-3.050973265778887,-3.050973265778887
-8.822398116837537,-8.822398116837537
2.2364363291058424,2.2364363291058424
-7.51970763373456,-7.51970763373456
5.190590583266628,5.190590583266628
5.888466351532845,5.888466351532845
-1.8274642650020407,-1.8274642650020407
8.87595011766091,8.87595011766091
-6.524404124894483,-6.524404124894483
8.851716994539604,8.851716994539604
-0.6902065036492857,-0.6902065036492857
5.259872825507323,5.259872825507323
5.0564039096082585,5.0564039096082585
9.624198382625217,9.624198382625217
9.465559882578614,9.465559882578614
-9.198177507176633,-9.198177507176633
-9.680574449368786,-9.680574449368786
0.8658063004706822,0.8658063004706822
-9.322447642031817,-9.322447642031817
3.1496927167054505,3.1496927167054505
0.6980520332890521,0.6980520332890521
3.3311679220052035,3.3311679220052035
-1.1731859125466002,-1.1731859125466002
-4.550570825525277,-4.550570825525277
8.99337879895688,8.99337879895688
4.565388803864938,4.565388803864938
-9.873521254690345,-9.873521254690345
-8.01344470211651,-8.01344470211651
2.6338449024995914,2.6338449024995914
-4.239263460045837,-4.239263460045837
-1.8475664541668468,-1.8475664541668468
5.630622477954194,5.630622477954194
-2.917089236412693,-2.917089236412693
8.516171945585182,8.516171945585182
4.409042428492327,4.409042428492327
1.0385288146274938,1.0385288146274938
-6.380703279497952,-6.380703279497952
-1.8081722066470114,-1.8081722066470114
5.257635796866468,5.257635796866468
9.815936370341142,9.815936370341142
-8.526952517587468,-8.526952517587468
-7.304947859964455,-7.304947859964455
4.800894600038518,4.800894600038518
6.6756273984278245,6.6756273984278245
-8.224542852195945,-8.224542852195945
6.588358994420112,6.588358994420112
5.73464628870169,5.73464628870169
3.764425464082521,3.764425464082521
-3.2014716703568986,-3.2014716703568986
-1.1091867093139918,-1.1091867093139918
-2.673277214969314,-2.673277214969314
6.809321294443645,6.809321294443645
-3.4335572623818367,-3.4335572623818367
-3.548500474934886,-3.548500474934886
8.705817144673748,8.705817144673748
8.399746953957955,8.399746953957955
9.373482507543638,9.373482507543638
6.150979064292017,6.150979064292017
-8.261687647144695,-8.261687647144695
-8.181788967581795,-8.181788967581795
1.1416415053040812,1.1416415053040812
7.123675418556353,7.123675418556353
7.683957279505364,7.683957279505364
2.7369734573320166,2.7369734573320166
9.116091879678308,9.116091879678308
-6.962287975346055,-6.962287975346055
-5.56838140038894,-5.56838140038894
-3.3500966602500704,-3.3500966602500704
-4.863901582368857,-4.863901582368857
-3.755899354398961,-3.755899354398961
-7.6310896733283045,-7.6310896733283045
-2.493197133273286,-2.493197133273286
-9.404520065345217,-9.404520065345217
0.7556333235109332,0.7556333235109332
8.916565893508867,8.916565893508867
-1.0974961387946376,-1.0974961387946376
2.483064886606485,2.483064886606485
2.236246972034582,2.236246972034582
8.667583361620807,8.667583361620807
4.690381060172985,4.690381060172985
6.496418564120489,6.496418564120489
-3.283011801950866,-3.283011801950866
8.149292928561625,8.149292928561625
-6.295815316533744,-6.295815316533744
-1.8403546221209837,-1.8403546221209837
4.749039468293525,4.749039468293525
-3.3308723647241116,-3.3308723647241116
7.7226846270826535,7.7226846270826535
7.2131172427176224,7.2131172427176224
-6.697637592002255,-6.697637592002255
-5.385081165444479,-5.385081165444479
-8.951302426271948,-8.951302426271948
7.1744169697857,7.1744169697857
-3.215501835517623,-3.215501835517623
-2.1350654326688883,-2.1350654326688883
-4.592690355233955,-4.592690355233955
-7.535442225411764,-7.535442225411764
-0.8612151647586952,-0.8612151647586952
-5.305658938343168,-5.305658938343168
1.263064698598516,1.263064698598516
-5.9446990452108235,-5.9446990452108235
0.22774564271497333,0.22774564271497333
8.966517678857716,8.966517678857716
-2.5633258727427988,-2.5633258727427988
9.084381786653605,9.084381786653605
-8.855881674887062,-8.855881674887062
0.9761023656416477,0.9761023656416477
1.9959498237839934,1.9959498237839934
9.235066354917194,9.235066354917194
8.503702624568454,8.503702624568454
0.21812259036110504,0.21812259036110504
5.189722803305617,5.189722803305617
9.51810563215031,9.51810563215031
4.730005279265377,4.730005279265377
9.079119479085655,9.079119479085655
8.777879586385321,8.777879586385321
-0.36465677200137847,-0.36465677200137847
3.1978846176043625,3.1978846176043625
-6.403007341642035,-6.403007341642035
-1.2595305516905757,-1.2595305516905757
7.322483776807871,7.322483776807871
1.5446414050487416,1.5446414050487416
-4.410927916187863,-4.410927916187863
-7.544214944679681,-7.544214944679681
-5.362895963632905,-5.362895963632905
-7.500148704265522,-7.500148704265522
-5.324391395446004,-5.324391395446004
-2.3283997991935568,-2.3283997991935568
-9.142029382328527,-9.142029382328527
6.774213937449453,6.774213937449453
-1.9237947658559822,-1.9237947658559822
1.3473792899262769,1.3473792899262769
2.722680295282867,2.722680295282867
-7.343159870678209,-7.343159870678209
-8.34584776374287,-8.34584776374287
-6.869355745364936,-6.869355745364936
9.724494466601051,9.724494466601051
-7.909695160334611,-7.909695160334611
-1.546881570687912,-1.546881570687912
7.501246942680261,7.501246942680261
1.685513054175754,1.685513054175754
-9.64932657256422,-9.64932657256422
7.774051620728237,7.774051620728237
-2.3170467356914877,-2.3170467356914877
-6.645395844921607,-6.645395844921607
-3.256403386876876,-3.256403386876876
1.8829626374872994,1.8829626374872994
-9.245096399276722,-9.245096399276722
2.8661704262900507,2.8661704262900507
2.2021280063704385,2.2021280063704385
-5.424121557659534,-5.424121557659534
-1.479644795493119,-1.479644795493119
-6.129700730708938,-6.129700730708938
-9.573403209968914,-9.573403209968914
1.6783974789330927,1.6783974789330927
-1.0928591094528493,-1.0928591094528493
6.8411329608403975,6.8411329608403975
-6.018886920724922,-6.018886920724922
-1.1880190567717808,-1.1880190567717808
3.349090650562104,3.349090650562104
-8.633307399658749,-8.633307399658749
-2.8932674223374377,-2.8932674223374377
3.7207260628853174,3.7207260628853174
-5.09856205911694,-5.09856205911694
-2.72045355067913,-2.72045355067913
1.5472739758195857,1.5472739758195857
-1.8112881544590387,-1.8112881544590387
7.535630053435092,7.535630053435092
7.19762556119802,7.19762556119802
6.679537853693979,6.679537853693979
-1.4745766662060618,-1.4745766662060618
-6.197400088152369,-6.197400088152369
2.7772620628719054,2.7772620628719054
-1.4369003711559927,-1.4369003711559927
0.11614141556514745,0.11614141556514745
3.021031167355172,3.021031167355172
8.79883069070662,8.79883069070662
6.164994532678811,6.164994532678811
-7.5356673350214916,-7.5356673350214916
8.14924418039357,8.14924418039357
3.541346654176607,3.541346654176607
-3.6114960966105496,-3.6114960966105496
4.599859771024988,4.599859771024988
-0.5007216165428012,-0.5007216165428012
1.2206512763090078,1.2206512763090078
1.4364938728676968,1.4364938728676968
-6.9702150151036495,-6.9702150151036495
-2.760357634378088,-2.760357634378088
-1.2853051751200066,-1.2853051751200066
-8.84549801662035,-8.84549801662035
4.474650214976744,4.474650214976744
-3.4639046124445887,-3.4639046124445887
-0.4629426833770207,-0.4629426833770207
8.96115610643318,8.96115610643318
7.359366582568121,7.359366582568121
-4.538076467238059,-4.538076467238059
-1.9945659442354966,-1.9945659442354966
1.4246840777033363,1.4246840777033363
-7.61036164470789,-7.61036164470789
5.923687571023832,5.923687571023832
-3.524960798351751,-3.524960798351751
-7.687426922662102,-7.687426922662102
4.143996970180046,4.143996970180046
0.2981647616966008,0.2981647616966008
-9.457991980791201,-9.457991980791201
1.255672262721701,1.255672262721701
5.284176888951963,5.284176888951963
-9.379146639967368,-9.379146639967368
3.1517524140948545,3.1517524140948545
-4.9971617772536,-4.9971617772536
-1.2944738361943013,-1.2944738361943013
-8.55665159864821,-8.55665159864821
0.6445704583004019,0.6445704583004019
8.776578173112487,8.776578173112487
-3.9036858461351382,-3.9036858461351382
-8.729252419162288,-8.729252419162288
6.964526546680158,6.964526546680158
8.95187130538342,8.95187130538342
-0.17858498815354729,-0.17858498815354729
8.17018968883821,8.17018968883821
8.172808251376374,8.172808251376374
4.690383599921525,4.690383599921525
6.626546643013988,6.626546643013988
-6.759915321918979,-6.759915321918979
6.91078200831878,6.91078200831878
-1.6871535168467382,-1.6871535168467382
-4.266259272160962,-4.266259272160962
1.2372453940537138,1.2372453940537138
7.149864696471258,7.149864696471258
-1.336626923823319,-1.336626923823319
-8.444624641483106,-8.444624641483106
-4.254434395153641,-4.254434395153641
-4.293781361344258,-4.293781361344258
3.9410287576339105,3.9410287576339105
9.101318753463318,9.101318753463318
1.0029485517610315,1.0029485517610315
-4.92774948466109,-4.92774948466109
4.062597601034103,4.062597601034103
-7.045459766544395,-7.045459766544395
-8.767418121467633,-8.767418121467633
2.980154681274543,2.980154681274543
-2.484953589598325,-2.484953589598325
-0.9838454233542837,-0.9838454233542837
-8.520351064475879,-8.520351064475879
-0.4062436086619279,-0.4062436086619279
2.1228842607637546,2.1228842607637546
9.650237359002016,9.650237359002016
-9.57060221536971,-9.57060221536971
0.33493527763071995,0.33493527763071995
-0.26465772937529053,-0.26465772937529053
2.502823895604685,2.502823895604685
7.063468662436886,7.063468662436886
-0.03934181774648948,-0.03934181774648948
1.4516233484881447,1.4516233484881447
0.05109035565948261,0.05109035565948261
5.928840679018171,5.928840679018171
8.138702280952682,8.138702280952682
-3.546779726502624,-3.546779726502624
4.487940118751705,4.487940118751705
3.0951189682639146,3.0951189682639146
-2.5342433569916896,-2.5342433569916896
6.069919987187916,6.069919987187916
3.9010735443366773,3.9010735443366773
-0.16253460880143678,-0.16253460880143678
1.4384502057900015,1.4384502057900015
8.97878862431919,8.97878862431919
2.803401859472226,2.803401859472226
2.697822492255643,2.697822492255643
-2.387202167293503,-2.387202167293503
5.638089772423637,5.638089772423637
7.447679684129454,7.447679684129454
-3.8101804433707542,-3.8101804433707542
-3.4717645772421886,-3.4717645772421886
3.4639294504110865,3.4639294504110865
-4.222901512915258,-4.222901512915258
-8.365719489333996,-8.365719489333996
-4.2380185675693465,-4.2380185675693465
3.9415711487560117,3.9415711487560117
0.053309723296431244,0.053309723296431244
1.6012698894323414,1.6012698894323414
2.5247506879384822,2.5247506879384822
0.7020854476003642,0.7020854476003642
9.226075941052365,9.226075941052365
6.213268175254171,6.213268175254171
9.267643369368539,9.267643369368539
3.866889814346276,3.866889814346276
6.0342817913750935,6.0342817913750935
5.027669047541314,5.027669047541314
8.8219502787896,8.8219502787896
-3.190947504781489,-3.190947504781489
-3.5115682311618635,-3.5115682311618635
-9.761573439112738,-9.761573439112738
-8.643836808332072,-8.643836808332072
9.23349172175848,9.23349172175848
-0.5014585530576134,-0.5014585530576134
-7.567247286731624,-7.567247286731624
-7.842315486094618,-7.842315486094618
0.3520024677786022,0.3520024677786022
3.030027782431601,3.030027782431601
6.68234684651005,6.68234684651005
1.4289064579102035,1.4289064579102035
-3.321948936242956,-3.321948936242956
4.016144605794583,4.016144605794583
-6.2461456311196795,-6.2461456311196795
-3.3441679344094055,-3.3441679344094055
-7.58137478565994,-7.58137478565994
3.6137806855888748,3.6137806855888748
0.793033069407791,0.793033069407791
-1.2105162959707592,-1.2105162959707592
-5.394676356354662,-5.394676356354662
6.8738373052717385,6.8738373052717385
-2.070705464673212,-2.070705464673212
8.245994463826047,8.245994463826047
-4.564131648169212,-4.564131648169212
2.745042265978256,2.745042265978256
4.74963337416343,4.74963337416343
-6.614528707141368,-6.614528707141368
-6.3584998456651975,-6.3584998456651975
5.2931295660068365,5.2931295660068365
-8.211686881591936,-8.211686881591936
-0.43298944142847695,-0.43298944142847695
-8.343529537789463,-8.343529537789463
9.274988842619656,9.274988842619656
6.703984893103048,6.703984893103048
-5.3525139549336265,-5.3525139549336265
6.8683721714295345,6.8683721714295345
4.950437582627316,4.950437582627316
-7.8310670223365815,-7.8310670223365815
-4.6619540638957275,-4.6619540638957275
2.8368983667692973,2.8368983667692973
4.142932573434761,4.142932573434761
-3.127594585206084,-3.127594585206084
-7.420324369531652,-7.420324369531652
-0.1026056366080379,-0.1026056366080379
5.279840941774879,5.279840941774879
0.42240666161642615,0.42240666161642615
-6.112021901129574,-6.112021901129574
-3.913169396743017,-3.913169396743017
5.1475278522089205,5.1475278522089205
-0.7859905398648142,-0.7859905398648142
5.304867930612289,5.304867930612289
-6.479730310404013,-6.479730310404013
3.698576974959199,3.698576974959199
5.991630889677213,5.991630889677213
7.749246815282611,7.749246815282611
-4.033460082196241,-4.033460082196241
8.243106848154728,8.243106848154728
1.713667618658448,1.713667618658448
-4.116658853392316,-4.116658853392316
-9.38086185281007,-9.38086185281007
3.293419297644073,3.293419297644073
8.988029951330297,8.988029951330297
1.4900002450897922,1.4900002450897922
-3.994374686187543,-3.994374686187543
-3.4047573713391994,-3.4047573713391994
-0.18656176083641007,-0.18656176083641007
9.679314315257429,9.679314315257429
-1.3890697648095358,-1.3890697648095358
-2.2558823268124195,-2.2558823268124195
-0.10928833216877543,-0.10928833216877543
-5.565685792258284,-5.565685792258284
-4.18509359656843,-4.18509359656843
6.20164534216827,6.20164534216827
7.857515904543224,7.857515904543224
-2.5955174203417863,-2.5955174203417863
-0.3580430590366781,-0.3580430590366781
8.070154051338868,8.070154051338868
4.268348659809238,4.268348659809238
-0.8448159406583144,-0.8448159406583144
9.162375811077762,9.162375811077762
7.70915816511399,7.70915816511399
-0.7492669541034012,-0.7492669541034012
-6.131620513182461,-6.131620513182461
6.7211379668160305,6.7211379668160305
7.9524717494499235,7.9524717494499235
3.4391281592813243,3.4391281592813243
6.107770370554892,6.107770370554892
-9.61962238998424,-9.61962238998424
2.4124697544545004,2.4124697544545004
6.140410692704485,6.140410692704485
-4.282864488196687,-4.282864488196687
-6.8925671381337805,-6.8925671381337805
7.809156772920684,7.809156772920684
5.646796945230957,5.646796945230957
-2.8356390717150104,-2.8356390717150104
1.553410786950785,1.553410786950785
-5.441650107420648,-5.441650107420648
-3.373715304525719,-3.373715304525719
3.731985688039005,3.731985688039005
5.223711100470247,5.223711100470247
7.59236871764757,7.59236871764757
3.1779812980225746,3.1779812980225746
5.988526201275333,5.988526201275333
-6.208862434859852,-6.208862434859852
4.381969877452976,4.381969877452976
9.617192636012383,9.617192636012383
8.175565190210019,8.175565190210019
5.68574971847144,5.68574971847144
7.859980601998593,7.859980601998593
-0.898341862207392,-0.898341862207392
-3.6454193165872795,-3.6454193165872795
2.777289575399724,2.777289575399724
1.7097465458571737,1.7097465458571737
-9.192838086700167,-9.192838086700167
-4.601884427457305,-4.601884427457305
1.6890136891289043,1.6890136891289043
-8.702012793297717,-8.702012793297717
-8.744963739467362,-8.744963739467362
-2.4724875726790003,-2.4724875726790003
-7.5765238605441665,-7.5765238605441665
-1.7056450604614053,-1.7056450604614053
3.497614382260064,3.497614382260064
-0.5553171671712178,-0.5553171671712178
-9.628582108538309,-9.628582108538309
8.57028699089598,8.57028699089598
-4.981276207658754,-4.981276207658754
-9.852218065422083,-9.852218065422083
-1.1488068925320931,-1.1488068925320931
7.012089301526075,7.012089301526075
8.672746095963234,8.672746095963234
-7.3362379529674815,-7.3362379529674815
-8.61805398358676,-8.61805398358676
6.694051100517157,6.694051100517157
6.8847745190231855,6.8847745190231855
8.297646458318866,8.297646458318866
5.8096424791859285,5.8096424791859285
6.72753212359725,6.72753212359725
6.354954487067463,6.354954487067463
-9.203810597503177,-9.203810597503177
-6.478096393660307,-6.478096393660307
-9.128361644121048,-9.128361644121048
-9.98186659569422,-9.98186659569422
9.531940130516674,9.531940130516674
9.987280792702613,9.987280792702613
1.1106056401387079,1.1106056401387079
-7.040288398004931,-7.040288398004931
-7.276514974288593,-7.276514974288593
8.230122395790126,8.230122395790126
8.354826896910083,8.354826896910083
1.6952466753293276,1.6952466753293276
4.446156112207138,4.446156112207138
1.9922249210924647,1.9922249210924647
4.258926304294665,4.258926304294665
9.56642871625727,9.56642871625727
-1.3038449611484904,-1.3038449611484904
-8.455850555760811,-8.455850555760811
-8.441810553886118,-8.441810553886118
3.082737377404799,3.082737377404799
-8.822296510629856,-8.822296510629856
-7.839779422678359,-7.839779422678359
7.661211335619761,7.661211335619761
8.760080940584182,8.760080940584182
-7.729256148551142,-7.729256148551142
-5.581422859617375,-5.581422859617375
9.813356261399623,9.813356261399623
8.393004287586578,8.393004287586578
2.563868534644689,2.563868534644689
-0.5207183090874814,-0.5207183090874814
5.797049077487646,5.797049077487646
-0.2446010728311414,-0.2446010728311414
9.51339598116595,9.51339598116595
5.365243861527302,5.365243861527302
2.7410214778972293,2.7410214778972293
-7.7584237265072264,-7.7584237265072264
4.407895510698518,4.407895510698518
-7.6506468622128,-7.6506468622128
-7.073767845845078,-7.073767845845078
7.249422446219942,7.249422446219942
1.467454094319402,1.467454094319402
1.2595727634215876,1.2595727634215876
3.968560245019443,3.968560245019443
6.90642750955929,6.90642750955929
8.935390610005896,8.935390610005896
-8.707554037883842,-8.707554037883842
-9.196043149226139,-9.196043149226139
-8.448816620359775,-8.448816620359775
9.559923519321384,9.559923519321384
0.6818021464666479,0.6818021464666479
-2.488701617229845,-2.488701617229845
2.185270960128955,2.185270960128955
-7.574789284181422,-7.574789284181422
-2.2242066297794256,-2.2242066297794256
-4.078582790088314,-4.078582790088314
3.496560590242563,3.496560590242563
-6.868546601770927,-6.868546601770927
9.460930353849037,9.460930353849037
-9.176935407103777,-9.176935407103777
-7.941584411286538,-7.941584411286538
-6.694779026246007,-6.694779026246007
9.796385137314683,9.796385137314683
-4.833824396838072,-4.833824396838072
3.739270536974736,3.739270536974736
3.5616503314242145,3.5616503314242145
-2.4298001501268622,-2.4298001501268622
-4.039737981772955,-4.039737981772955
4.906155602833165,4.906155602833165
-8.359755691421576,-8.359755691421576
-9.561159193836385,-9.561159193836385
-1.8867422207472,-1.8867422207472
-3.5356241298657443,-3.5356241298657443
-8.585240320947063,-8.585240320947063
-8.273931883476752,-8.273931883476752
0.014321740994571286,0.014321740994571286
9.102027269824585,9.102027269824585
3.992687654245577,3.992687654245577
-6.401397762818233,-6.401397762818233
-2.83794402122534,-2.83794402122534
3.6214653026711474,3.6214653026711474
-8.451377083071918,-8.451377083071918
-6.066637676911524,-6.066637676911524
-8.608093700231208,-8.608093700231208
-0.581052599181648,-0.581052599181648
0.9064691317802165,0.9064691317802165
7.259943145462085,7.259943145462085
-9.362172105632506,-9.362172105632506
-7.237224559385728,-7.237224559385728
-4.454050093223603,-4.454050093223603
-1.7182733635121927,-1.7182733635121927
-3.9146750533872776,-3.9146750533872776
9.810523859577135,9.810523859577135
-2.9191656765922964,-2.9191656765922964
8.154054064065349,8.154054064065349
9.86977701971648,9.86977701971648
-4.161104089892267,-4.161104089892267
-6.908531949647722,-6.908531949647722
7.057888458214215,7.057888458214215
-9.708140710520713,-9.708140710520713
-7.4902679550509355,-7.4902679550509355
-6.079081442197221,-6.079081442197221
-9.539031799605151,-9.539031799605151
2.711352636516022,2.711352636516022
-9.669928906283626,-9.669928906283626
-4.531372318809204,-4.531372318809204
1.1377526297452434,1.1377526297452434
3.4370494103293563,3.4370494103293563
-7.561728177930231,-7.561728177930231
0.7804215637143859,0.7804215637143859
4.189559176605513,4.189559176605513
-9.077284677688551,-9.077284677688551
-0.7358960022931704,-0.7358960022931704
-2.5983312030157446,-2.5983312030157446
-8.556246967577668,-8.556246967577668
1.6233637567792432,1.6233637567792432
-8.454888603063369,-8.454888603063369
3.6931514533300973,3.6931514533300973
0.06337631207319916,0.06337631207319916
7.2828567969281295,7.2828567969281295
-0.4361178468991529,-0.4361178468991529
7.051498554671177,7.051498554671177
-2.8466972805814432,-2.8466972805814432
-0.4458155785472524,-0.4458155785472524
2.0416435692431545,2.0416435692431545
3.823912970153806,3.823912970153806
-3.891867671134177,-3.891867671134177
-9.022038545424449,-9.022038545424449
3.9800812510476646,3.9800812510476646
5.18240123570758,5.18240123570758
7.576037366893871,7.576037366893871
2.15167653288027,2.15167653288027
5.957310771590475,5.957310771590475
-6.357109703896741,-6.357109703896741
-3.1376561662493208,-3.1376561662493208
-2.0209147609838674,-2.0209147609838674
-3.2860225413494533,-3.2860225413494533
-3.457968781401446,-3.457968781401446
2.8596624391042695,2.8596624391042695
6.691720363546196,6.691720363546196
0.517012950392628,0.517012950392628
4.589429008921549,4.589429008921549
1.8414878416887053,1.8414878416887053
4.108227357245141,4.108227357245141
1.9928495000005455,1.9928495000005455
-7.2410333720982845,-7.2410333720982845
7.215537203767969,7.215537203767969
-6.637393406206044,-6.637393406206044
-4.49372193922184,-4.49372193922184
0.6902521321318353,0.6902521321318353
3.5573690565244025,3.5573690565244025
8.569921655057904,8.569921655057904
-7.072410957878176,-7.072410957878176
-9.025906901582335,-9.025906901582335
2.261848556671506,2.261848556671506
1.4705983567667857,1.4705983567667857
4.587076055463369,4.587076055463369
-6.346318849478081,-6.346318849478081
5.667618628869761,5.667618628869761
-8.716668247919728,-8.716668247919728
-7.416129323476364,-7.416129323476364
-6.442692277156048,-6.442692277156048
-8.241825784500472,-8.241825784500472
-9.13589003035421,-9.13589003035421
2.956915667222548,2.956915667222548
9.543157521448645,9.543157521448645
-1.6019374442315737,-1.6019374442315737
-6.968237287795658,-6.968237287795658
-4.088154595638256,-4.088154595638256
-5.1120297721694685,-5.1120297721694685
4.31107618860603,4.31107618860603
2.437588350512325,2.437588350512325
2.226721425986824,2.226721425986824
9.693041302725906,9.693041302725906
-4.481773572835097,-4.481773572835097
2.522935510779954,2.522935510779954
-2.078344775715526,-2.078344775715526
4.7450035497589305,4.7450035497589305
-2.77195505027632,-2.77195505027632
6.575458753696573,6.575458753696573
-4.4668589799978005,-4.4668589799978005
3.8455900685835527,3.8455900685835527
-5.797194867776239,-5.797194867776239
5.217882900540435,5.217882900540435
0.3714983397825584,0.3714983397825584
-5.26291834234859,-5.26291834234859
4.8498559038122515,4.8498559038122515
-7.669147713814057,-7.669147713814057
4.260637986540921,4.260637986540921
5.305060379423203,5.305060379423203
0.7463026221774776,0.7463026221774776
0.6642153509989477,0.6642153509989477
5.184255850989395,5.184255850989395
1.3238635545533448,1.3238635545533448
-8.507404702417888,-8.507404702417888
-8.523738348590593,-8.523738348590593
9.120348436059807,9.120348436059807
-0.13450216651460067,-0.13450216651460067
3.28540118325064,3.28540118325064
-2.7074129383581047,-2.7074129383581047
-2.849693604642467,-2.849693604642467
3.6998034141040392,3.6998034141040392
-3.7843561176085743,-3.7843561176085743
-7.973845916229907,-7.973845916229907
-3.3875648273234322,-3.3875648273234322
-7.630539420830253,-7.630539420830253
9.519975685939318,9.519975685939318
6.982444739156996,6.982444739156996
2.7329154369732773,2.7329154369732773
-8.552601946145526,-8.552601946145526
-1.235868763668023,-1.235868763668023
7.885818326611055,7.885818326611055
2.318448096562957,2.318448096562957
-2.1456871095086676,-2.1456871095086676
-2.542147341182681,-2.542147341182681
-6.478515836181174,-6.478515836181174
-9.93908035070534,-9.93908035070534
0.7721083829367021,0.7721083829367021
3.3394190877798415,3.3394190877798415
-5.862034895559811,-5.862034895559811
1.7216720305955917,1.7216720305955917
-1.838635783257864,-1.838635783257864
-7.696624724276897,-7.696624724276897
0.6484957764079091,0.6484957764079091
6.591648431227863,6.591648431227863
2.0568683738055267,2.0568683738055267
-2.0752669252723566,-2.0752669252723566
-9.53138294908256,-9.53138294908256
-4.881693584273781,-4.881693584273781
2.092211689987506,2.092211689987506
3.7354993414814057,3.7354993414814057
-3.432574610018766,-3.432574610018766
-5.963432753878777,-5.963432753878777
5.3977034368356325,5.3977034368356325
-8.181680400251299,-8.181680400251299
-1.6774549089482367,-1.6774549089482367
2.3155554567436383,2.3155554567436383
0.14181401094575108,0.14181401094575108
-8.90584414275083,-8.90584414275083
-5.841754975611044,-5.841754975611044
-6.5290302516662635,-6.5290302516662635
0.23223398397525408,0.23223398397525408
-5.886457206137319,-5.886457206137319
4.990262392803707,4.990262392803707
-8.293580382202608,-8.293580382202608
-2.102953031706649,-2.102953031706649
7.65238576532041,7.65238576532041
9.029745899415357,9.029745899415357
-3.7638213740369686,-3.7638213740369686
-5.893325695520519,-5.893325695520519
-9.588553931237032,-9.588553931237032
3.9838766992471886,3.9838766992471886
-8.548799280818695,-8.548799280818695
9.945301428118167,9.945301428118167
-3.9982358228369748,-3.9982358228369748
9.253490910152074,9.253490910152074
4.4743320708598375,4.4743320708598375
-1.751290526549452,-1.751290526549452
-3.5691605558406403,-3.5691605558406403
3.41992863189774,3.41992863189774
8.611228507973916,8.611228507973916
-4.658790740268433,-4.658790740268433
2.9023562105633864,2.9023562105633864
-1.3221229886479602,-1.3221229886479602
-9.228036480556288,-9.228036480556288
-8.97768217266078,-8.97768217266078
-9.08975107000762,-9.08975107000762
-9.075380478941561,-9.075380478941561
-3.859818600995686,-3.859818600995686
5.950641381620557,5.950641381620557
8.876750807324886,8.876750807324886
-1.7808699835169346,-1.7808699835169346
5.5059993716823605,5.5059993716823605
7.746735888721229,7.746735888721229
-4.869902564123862,-4.869902564123862
2.5498295136359754,2.5498295136359754
9.075760054384368,9.075760054384368
1.5155567266731769,1.5155567266731769
4.454591177856351,4.454591177856351
-7.634599018870971,-7.634599018870971
-1.8581358799318188,-1.8581358799318188
-2.860228398073332,-2.860228398073332
5.612941285533058,5.612941285533058
-7.253412937909276,-7.253412937909276
5.334459498417559,5.334459498417559
0.9673508703610061,0.9673508703610061
2.8070796711812296,2.8070796711812296
8.637992453076059,8.637992453076059
5.339048706119641,5.339048706119641
0.7330609256271003,0.7330609256271003
-4.532889450751522,-4.532889450751522
-2.1928056713307598,-2.1928056713307598
-5.354764960202932,-5.354764960202932
-4.815228894657335,-4.815228894657335
2.970498064637452,2.970498064637452
-2.395937302561137,-2.395937302561137
9.433560075363093,9.433560075363093
-5.495936973739022,-5.495936973739022
4.17432422712454,4.17432422712454
-4.592545502572259,-4.592545502572259
7.543396786005509,7.543396786005509
0.23248012434459397,0.23248012434459397
7.75778549385457,7.75778549385457
7.775964135914247,7.775964135914247
9.88225165573942,9.88225165573942
5.2846342891418985,5.2846342891418985
2.5636840587792893,2.5636840587792893
-0.3232551508693682,-0.3232551508693682
7.509843784176656,7.509843784176656
-0.23815386813706851,-0.23815386813706851
8.900787847066024,8.900787847066024
4.963507509158413,4.963507509158413
1.2585492332345858,1.2585492332345858
-4.68614894613455,-4.68614894613455
-3.4160966269021076,-3.4160966269021076
-6.893871869626144,-6.893871869626144
5.360185200789724,5.360185200789724
3.3537772041722373,3.3537772041722373
4.866363052180297,4.866363052180297
-0.6540764431786208,-0.6540764431786208
9.124119240941106,9.124119240941106
-6.787371414662971,-6.787371414662971
-3.6631153199881723,-3.6631153199881723
-0.899507553421806,-0.899507553421806
-9.166470816786552,-9.166470816786552
4.411144893939927,4.411144893939927
-4.356656897097533,-4.356656897097533
-5.369057844101479,-5.369057844101479
2.4466867714683005,2.4466867714683005
7.073899151267444,7.073899151267444
-9.386088387500644,-9.386088387500644
0.44996750651465334,0.44996750651465334
-1.1411104956502687,-1.1411104956502687
9.676317231938029,9.676317231938029
-2.8196187936107764,-2.8196187936107764
-7.993729193662579,-7.993729193662579
9.487408846878456,9.487408846878456
-0.7899530933849022,-0.7899530933849022
-0.3363709360084517,-0.3363709360084517
0.5400311077760414,0.5400311077760414
-4.926587452648539,-4.926587452648539
2.977485158992195,2.977485158992195
4.36886182899965,4.36886182899965
2.1365376856479372,2.1365376856479372
1.758838336137023,1.758838336137023
-1.5742071292154733,-1.5742071292154733
3.033498149940222,3.033498149940222
-8.579290766162064,-8.579290766162064
-2.699773776431142,-2.699773776431142
-9.580521768798118,-9.580521768798118
1.481995052054156,1.481995052054156
8.851698072459417,8.851698072459417
8.63683101092548,8.63683101092548
4.268955627421349,4.268955627421349
0.6160360438014969,0.6160360438014969
5.586902826404295,5.586902826404295
-5.330885430129689,-5.330885430129689
-4.207039373684795,-4.207039373684795
-3.1601158873098,-3.1601158873098
-1.0341507020918215,-1.0341507020918215
7.661163840603503,7.661163840603503
5.951578034737636,5.951578034737636
0.2928357569571194,0.2928357569571194
0.37379421026038884,0.37379421026038884
-6.454336255143578,-6.454336255143578
-2.605206859985543,-2.605206859985543
3.7145718033973374,3.7145718033973374
7.650526139742425,7.650526139742425
2.1485225306577256,2.1485225306577256
4.240147627026612,4.240147627026612
5.834422158866719,5.834422158866719
3.3200615808918315,3.3200615808918315
6.664251504087048,6.664251504087048
3.6483956332925693,3.6483956332925693
7.40613933071338,7.40613933071338
7.510456564552676,7.510456564552676
8.360936629224891,8.360936629224891
5.018122556489626,5.018122556489626
-9.788907376628465,-9.788907376628465
1.0728407753153775,1.0728407753153775
-8.107973789219692,-8.107973789219692
7.205322341434414,7.205322341434414
-0.6633392608474686,-0.6633392608474686
-9.731779566575785,-9.731779566575785
-2.9142014450086435,-2.9142014450086435
6.241879093778174,6.241879093778174
6.133878706155809,6.133878706155809
8.506966596461737,8.506966596461737
2.5127897059601985,2.5127897059601985
4.364135188025406,4.364135188025406
-8.024951455451326,-8.024951455451326
-3.9060268880156563,-3.9060268880156563
-7.784436863885025,-7.784436863885025
1.9524986218550602,1.9524986218550602
-0.96261019042851,-0.96261019042851
-6.1170108649049375,-6.1170108649049375
4.043686134576516,4.043686134576516
6.623899006869031,6.623899006869031
-6.666076917447848,-6.666076917447848
7.21742782707798,7.21742782707798
-4.114801429788011,-4.114801429788011
6.3616439136932215,6.3616439136932215
2.5000460992769487,2.5000460992769487
0.32631019340223055,0.32631019340223055
-1.1959093124678368,-1.1959093124678368
7.425578545999301,7.425578545999301
1.8133273907459309,1.8133273907459309
5.888804297376584,5.888804297376584
9.27258557144566,9.27258557144566
-6.502272232885192,-6.502272232885192
-4.951157925898968,-4.951157925898968
2.746414955861278,2.746414955861278
-6.372300560205504,-6.372300560205504
-7.0313373743308505,-7.0313373743308505
8.904170636487311,8.904170636487311
7.81060077865417,7.81060077865417
7.61520328486602,7.61520328486602
-4.9073507554852736,-4.9073507554852736
0.5073478931849174,0.5073478931849174
-0.2476077953454876,-0.2476077953454876
-9.273011739878857,-9.273011739878857
-9.318897142066401,-9.318897142066401
-6.866097079796454,-6.866097079796454
-1.995094039290798,-1.995094039290798
-6.57801781534933,-6.57801781534933
-9.105623517652647,-9.105623517652647
-1.5462027963744838,-1.5462027963744838
5.399131885681051,5.399131885681051
-9.355502630906338,-9.355502630906338
2.206549058171463,2.206549058171463
-3.090035521955963,-3.090035521955963
9.441610628893763,9.441610628893763
4.800402083538238,4.800402083538238
7.730286156198581,7.730286156198581
5.597856306689156,5.597856306689156
2.81069921569153,2.81069921569153
-8.721964051870577,-8.721964051870577
-1.4932142275499753,-1.4932142275499753
-8.802789274359217,-8.802789274359217
8.867027314413015,8.867027314413015
2.1718087087784728,2.1718087087784728
-6.371546149259649,-6.371546149259649
-4.828837944462185,-4.828837944462185
-3.1519123843336256,-3.1519123843336256
2.8772551349856545,2.8772551349856545
-4.3236226465738685,-4.3236226465738685
8.8790036624263,8.8790036624263
-4.429778090024714,-4.429778090024714
7.268760647050222,7.268760647050222
0.936189750622102,0.936189750622102
-7.654257061610609,-7.654257061610609
-3.0155824564579152,-3.0155824564579152
-3.87283622380469,-3.87283622380469
9.829805982844107,9.829805982844107
-1.6238289161444825,-1.6238289161444825
2.642311025259998,2.642311025259998
-3.0341269263150528,-3.0341269263150528
6.858388486913121,6.858388486913121
-0.20584661489902523,-0.20584661489902523
0.3999963625805858,0.3999963625805858
7.383967086586974,7.383967086586974
-5.697109052850722,-5.697109052850722
-1.6133650567042839,-1.6133650567042839
3.6512035061410018,3.6512035061410018
2.3697181096228963,2.3697181096228963
3.5184611994266852,3.5184611994266852
9.273051761329654,9.273051761329654
-4.799091282671131,-4.799091282671131
-4.267286685803735,-4.267286685803735
6.896311644169909,6.896311644169909
-0.5656573861984029,-0.5656573861984029
-9.876914339948131,-9.876914339948131
7.918955305773469,7.918955305773469
7.774937523287456,7.774937523287456
-2.324840399495365,-2.324840399495365
-2.251668276050016,-2.251668276050016
9.31030191702012,9.31030191702012
-3.290910247573498,-3.290910247573498
-7.531064724898697,-7.531064724898697
3.4905554907771013,3.4905554907771013
-4.77356929388236,-4.77356929388236
-6.590950587129585,-6.590950587129585
3.574763500781703,3.574763500781703
-8.490464943717273,-8.490464943717273
9.836079892376272,9.836079892376272
-5.3279350686339395,-5.3279350686339395
-2.7110837612673127,-2.7110837612673127
8.709427171858977,8.709427171858977
2.415730414434938,2.415730414434938
-9.807857159584385,-9.807857159584385
8.487756617434702,8.487756617434702
-3.429751661429334,-3.429751661429334
-7.193256579609657,-7.193256579609657
-4.892659168034729,-4.892659168034729
1.202259737981155,1.202259737981155
5.228955106394746,5.228955106394746
0.849635250594325,0.849635250594325
-0.3207366168494836,-0.3207366168494836
5.116299744573137,5.116299744573137
8.620660829117945,8.620660829117945
-0.19933124197629581,-0.19933124197629581
-8.0770627018351,-8.0770627018351
-7.2115951060799866,-7.2115951060799866
8.661427012049401,8.661427012049401
8.758388497783706,8.758388497783706
4.624457453741851,4.624457453741851
2.1592327511364076,2.1592327511364076
7.508961184501558,7.508961184501558
5.7198891670341006,5.7198891670341006
4.493243289785729,4.493243289785729
0.9873374529415493,0.9873374529415493
4.473669889825922,4.473669889825922
-2.874049594246218,-2.874049594246218
7.128980278982503,7.128980278982503
6.070417644387131,6.070417644387131
0.9402686659373476,0.9402686659373476
-8.770379971089353,-8.770379971089353
-1.8983265655387616,-1.8983265655387616
-0.5943215604079999,-0.5943215604079999
-6.497502334815994,-6.497502334815994
1.9116749365287067,1.9116749365287067
-9.318693743569558,-9.318693743569558
-4.251752061528256,-4.251752061528256
-7.0102618579708516,-7.0102618579708516
1.0282557333950955,1.0282557333950955
-7.286020973211786,-7.286020973211786
-6.357647509933408,-6.357647509933408
9.102014447986114,9.102014447986114
-4.810135681024343,-4.810135681024343
0.4367846514144844,0.4367846514144844
-5.336514697722374,-5.336514697722374
-9.510244267013269,-9.510244267013269
4.324235577282419,4.324235577282419
-2.691014733102577,-2.691014733102577
-0.5672435104157216,-0.5672435104157216
-9.70741846989725,-9.70741846989725
-6.293354142498493,-6.293354142498493
1.1159728897606946,1.1159728897606946
3.5418581250992,3.5418581250992
2.8905790518462062,2.8905790518462062
8.95102733888907,8.95102733888907
-2.7539201291168514,-2.7539201291168514
7.240938643879996,7.240938643879996
5.017581380450064,5.017581380450064
3.961904003795439,3.961904003795439
6.875502121090211,6.875502121090211
7.820716766407379,7.820716766407379
3.9415033142032776,3.9415033142032776
-8.751708380346688,-8.751708380346688
-6.2037190438988254,-6.2037190438988254
1.26703575249927,1.26703575249927
1.1003419860897896,1.1003419860897896
9.387484736331828,9.387484736331828
1.3142807866010706,1.3142807866010706
6.210554260333744,6.210554260333744
2.622817585840071,2.622817585840071
-8.182780752903419,-8.182780752903419
-2.8208936183630655,-2.8208936183630655
-0.5104220754295916,-0.5104220754295916
-7.052924041963211,-7.052924041963211
-0.6820834169532457,-0.6820834169532457
1.7528246468632354,1.7528246468632354
5.946301006802177,5.946301006802177
3.1677056892082263,3.1677056892082263
7.01285420100205,7.01285420100205
7.198101200680476,7.198101200680476
-8.711401724381243,-8.711401724381243
8.543940077056067,8.543940077056067
-1.4402472355672984,-1.4402472355672984
2.542586299870793,2.542586299870793
-4.3163246487993145,-4.3163246487993145
-4.1475266752818545,-4.1475266752818545
-0.1408351141926616,-0.1408351141926616
8.883330682556931,8.883330682556931
-1.3304285459476866,-1.3304285459476866
9.241003497286869,9.241003497286869
8.777703917189243,8.777703917189243
5.618486098114122,5.618486098114122
-1.6163489721974873,-1.6163489721974873
-2.2369188024620907,-2.2369188024620907
5.599081746755131,5.599081746755131
-1.9431725644032323,-1.9431725644032323
-8.632973623181462,-8.632973623181462
7.356845093071751,7.356845093071751
-3.821288791322111,-3.821288791322111
3.385861245585005,3.385861245585005
5.419030351630699,5.419030351630699
3.877679856910783,3.877679856910783
9.405282549530845,9.405282549530845
0.18599841596829414,0.18599841596829414
8.72282290470492,8.72282290470492
-9.077145185070899,-9.077145185070899
-0.8555876667601545,-0.8555876667601545
0.7460517696662787,0.7460517696662787
1.8163442089413557,1.8163442089413557
-5.472045955576861,-5.472045955576861
6.200404849308157,6.200404849308157
7.910716193833409,7.910716193833409
8.959188426727412,8.959188426727412
-2.6482720724319853,-2.6482720724319853
9.861895886881534,9.861895886881534
-2.3165453075308573,-2.3165453075308573
-4.879784820037997,-4.879784820037997
4.215912304617017,4.215912304617017
-9.38056151841069,-9.38056151841069
-5.9785525804101125,-5.9785525804101125
-7.365148732016622,-7.365148732016622
-3.568060232966788,-3.568060232966788
7.887333375626554,7.887333375626554
-7.340610869310695,-7.340610869310695
9.492528655283643,9.492528655283643
5.1197919677367345,5.1197919677367345
6.441629119790523,6.441629119790523
-0.5188755702298096,-0.5188755702298096
8.705486133809302,8.705486133809302
2.0803903468714253,2.0803903468714253
8.057328240926203,8.057328240926203
-3.412289351224609,-3.412289351224609
9.204799591480977,9.204799591480977
9.597959775910564,9.597959775910564
-1.9189036360469593,-1.9189036360469593
-6.739972736063757,-6.739972736063757
9.485099533381756,9.485099533381756
-5.178816468242076,-5.178816468242076
5.994513584738989,5.994513584738989
8.839041519413556,8.839041519413556
-9.524481698126142,-9.524481698126142
4.526559106256444,4.526559106256444
-8.733618801261942,-8.733618801261942
0.4758872293403815,0.4758872293403815
7.114415621939372,7.114415621939372
-8.384705355100682,-8.384705355100682
-5.760726854338676,-5.760726854338676
5.689462058409312,5.689462058409312
4.074534452238243,4.074534452238243
5.2220206584199875,5.2220206584199875
0.31559580357268047,0.31559580357268047
-4.526790680865864,-4.526790680865864
-3.166590965751899,-3.166590965751899
4.357305369862946,4.357305369862946
9.762546159314017,9.762546159314017
-3.816944533149595,-3.816944533149595
-5.358393652309019,-5.358393652309019
-3.560522708183953,-3.560522708183953
-8.54414936706477,-8.54414936706477
-6.489582533452181,-6.489582533452181
6.510560312721029,6.510560312721029
-7.753989090665923,-7.753989090665923
-6.857770970496347,-6.857770970496347
6.7968684323189095,6.7968684323189095
-5.219434798924842,-5.219434798924842
8.897336644543966,8.897336644543966
-4.0712975344797115,-4.0712975344797115
-6.364114292448598,-6.364114292448598
-1.9186474935801652,-1.9186474935801652
-9.865224893333371,-9.865224893333371
-1.5400573840587555,-1.5400573840587555
0.9265368197520836,0.9265368197520836
9.552228855262378,9.552228855262378
4.390603283980923,4.390603283980923
-2.2832210306294005,-2.2832210306294005
-2.578842273291899,-2.578842273291899
-1.6737179845068777,-1.6737179845068777
-5.38071333766954,-5.38071333766954
-6.571686475949972,-6.571686475949972
-6.459642929255693,-6.459642929255693
5.7993701154346855,5.7993701154346855
9.856539155305018,9.856539155305018
0.23376612984550071,0.23376612984550071
-4.315844034207639,-4.315844034207639
1.8360668388945562,1.8360668388945562
-6.694429637972206,-6.694429637972206
1.2998577341383548,1.2998577341383548
-3.6682794718507594,-3.6682794718507594
5.28294512447647,5.28294512447647
9.433653100819196,9.433653100819196
9.675223583287462,9.675223583287462
-8.727883017579853,-8.727883017579853
-5.9898760507012705,-5.9898760507012705
-5.1175345529594924,-5.1175345529594924
9.234325242395943,9.234325242395943
4.945085290350006,4.945085290350006
-6.7242477113025405,-6.7242477113025405
-9.467233622297456,-9.467233622297456
-3.128323089161875,-3.128323089161875
-4.8876870209540595,-4.8876870209540595
6.785529242503642,6.785529242503642
8.927506799499369,8.927506799499369
-4.754315992432774,-4.754315992432774
6.064512358730916,6.064512358730916
-3.7102895960772697,-3.7102895960772697
-1.4915494474902662,-1.4915494474902662
-9.991219928887087,-9.991219928887087
2.839593701615703,2.839593701615703
-8.754674606206015,-8.754674606206015
-0.15427154382447128,-0.15427154382447128
-6.9157208555737215,-6.9157208555737215
7.1800181633133136,7.1800181633133136
-6.088062827674767,-6.088062827674767
-0.7969329304727317,-0.7969329304727317
0.9195343141994634,0.9195343141994634
-2.4791434992150503,-2.4791434992150503
-7.301387710792904,-7.301387710792904
-5.8909646902359185,-5.8909646902359185
0.5499529225264475,0.5499529225264475
-8.295639141672979,-8.295639141672979
7.527231292465238,7.527231292465238
6.415115431372026,6.415115431372026
-8.11439086200322,-8.11439086200322
-8.419266096892688,-8.419266096892688
-0.5051697958651165,-0.5051697958651165
-9.29185553044585,-9.29185553044585
9.857235704504838,9.857235704504838
-8.01820393884233,-8.01820393884233
0.557437795778311,0.557437795778311
0.11132149316010498,0.11132149316010498
1.4796252532617835,1.4796252532617835
-2.244919023505818,-2.244919023505818
0.6800214336291113,0.6800214336291113
-1.7212670798528045,-1.7212670798528045
-8.269446649874697,-8.269446649874697
-7.661972411829792,-7.661972411829792
8.554348944954366,8.554348944954366
-1.8373597253777714,-1.8373597253777714
3.72776721399263,3.72776721399263
6.955007311894242,6.955007311894242
-7.67227962940842,-7.67227962940842
-7.314226275502342,-7.314226275502342
3.021701568614869,3.021701568614869
-4.0714760347891605,-4.0714760347891605
-0.28088512309269476,-0.28088512309269476
-1.3182151503615778,-1.3182151503615778
-3.267871983292176,-3.267871983292176
5.041229361632842,5.041229361632842
4.9821315118068625,4.9821315118068625
-6.539036299333379,-6.539036299333379
-0.9979257848639715,-0.9979257848639715
7.779063717405876,7.779063717405876
8.904826665598861,8.904826665598861
-2.164754223707659,-2.164754223707659
6.7890336312315505,6.7890336312315505
-3.087666015660881,-3.087666015660881
-7.1897436569720075,-7.1897436569720075
4.737075559143156,4.737075559143156
-0.7247909789851619,-0.7247909789851619
-9.312144202619237,-9.312144202619237
-0.43521843132875837,-0.43521843132875837
-4.995692268745248,-4.995692268745248
-1.4517767148526257,-1.4517767148526257
-3.348961317024715,-3.348961317024715
4.289647083699666,4.289647083699666
-7.778204940403799,-7.778204940403799
0.900857631272487,0.900857631272487
-2.482817283961955,-2.482817283961955
-0.9042450779040383,-0.9042450779040383
2.9919394802303056,2.9919394802303056
0.10019938315006804,0.10019938315006804
0.9626082878778099,0.9626082878778099
4.20471728065249,4.20471728065249
-2.5283797422577914,-2.5283797422577914
4.603052480350179,4.603052480350179
3.7056321034148283,3.7056321034148283
-3.647089916670067,-3.647089916670067
2.775454026767809,2.775454026767809
-0.8672788786348384,-0.8672788786348384
-2.816761816379696,-2.816761816379696
3.4619748027701664,3.4619748027701664
-6.5816943967647585,-6.5816943967647585
-6.687375362797723,-6.687375362797723
-3.7135023072842426,-3.7135023072842426
7.4665538909669,7.4665538909669
-5.658316958055726,-5.658316958055726
-0.11436831233515754,-0.11436831233515754
8.780602793463935,8.780602793463935
-9.19987139102367,-9.19987139102367
2.0626958416692727,2.0626958416692727
3.774488862249859,3.774488862249859
-5.727514852744937,-5.727514852744937
9.432643014831509,9.432643014831509
-5.287350550984238,-5.287350550984238
0.24848560747029502,0.24848560747029502
1.0721059200384015,1.0721059200384015
0.058049685446786015,0.058049685446786015
6.205975247615026,6.205975247615026
2.0593707463516235,2.0593707463516235
-0.43161645949206395,-0.43161645949206395
-3.0541775736577037,-3.0541775736577037
7.198672627337089,7.198672627337089
-1.5514193550113085,-1.5514193550113085
-8.633473755353663,-8.633473755353663
-6.732466705634764,-6.732466705634764
4.286811457886735,4.286811457886735
-4.976125600209711,-4.976125600209711
0.6175180741990633,0.6175180741990633
7.407798371362851,7.407798371362851
-8.366399378652833,-8.366399378652833
-6.816034359013397,-6.816034359013397
9.267014104319898,9.267014104319898
8.455540284472491,8.455540284472491
8.784593133798847,8.784593133798847
-3.4535078592487523,-3.4535078592487523
-3.358288538670296,-3.358288538670296
-2.147348544623515,-2.147348544623515
8.045648990273225,8.045648990273225
-7.169876040754202,-7.169876040754202
0.38194869462940595,0.38194869462940595
-4.727352884186782,-4.727352884186782
-4.577568253842415,-4.577568253842415
-8.53659478702863,-8.53659478702863
-2.1169387592329763,-2.1169387592329763
-8.854550417340194,-8.854550417340194
-0.8123822104552776,-0.8123822104552776
4.152054028752904,4.152054028752904
-4.225945318687181,-4.225945318687181
-3.1811694992290267,-3.1811694992290267
-8.428821313596695,-8.428821313596695
8.985712922424028,8.985712922424028
-8.528403307816575,-8.528403307816575
5.38441235172745,5.38441235172745
3.2152230671192132,3.2152230671192132
-6.517606579873694,-6.517606579873694
-7.913194777577637,-7.913194777577637
-4.907382054804779,-4.907382054804779
-5.480418997391839,-5.480418997391839
-1.0060731830266452,-1.0060731830266452
-3.29708951508392,-3.29708951508392
-6.699676758753881,-6.699676758753881
3.1303730655069586,3.1303730655069586
-8.806704693750572,-8.806704693750572
-5.016121581547546,-5.016121581547546
5.416168660672998,5.416168660672998
7.6457905306825396,7.6457905306825396
5.879945821373516,5.879945821373516
4.692850533977165,4.692850533977165
-7.007144688923508,-7.007144688923508
6.776872092433877,6.776872092433877
-8.836405248646667,-8.836405248646667
-3.5278734515309136,-3.5278734515309136
1.8419991514298744,1.8419991514298744
6.616445630585904,6.616445630585904
6.769262425991851,6.769262425991851
-5.758624251883742,-5.758624251883742
-9.102940022477759,-9.102940022477759
-5.130126405464908,-5.130126405464908
0.7514919635572337,0.7514919635572337
8.568840890864593,8.568840890864593
5.599659614974428,5.599659614974428
-1.82164622713017,-1.82164622713017
7.7862526601788,7.7862526601788
-3.6716929137555265,-3.6716929137555265
-1.978866226985927,-1.978866226985927
8.64196034519059,8.64196034519059
-8.977260739973161,-8.977260739973161
-5.710993205129505,-5.710993205129505
7.667611319108008,7.667611319108008
2.3691560394940208,2.3691560394940208
-2.2015871913669116,-2.2015871913669116
2.4667447589671916,2.4667447589671916
-5.438720835913475,-5.438720835913475
-1.8596703464105566,-1.8596703464105566
-7.284549098427659,-7.284549098427659
-4.160986814574148,-4.160986814574148
7.881920924165019,7.881920924165019
-0.47470215801733673,-0.47470215801733673
9.412342508169488,9.412342508169488
2.22633750342281,2.22633750342281
4.672326029436499,4.672326029436499
-5.847643711212271,-5.847643711212271
8.404722366212567,8.404722366212567
-6.948761286164828,-6.948761286164828
4.4933770800692745,4.4933770800692745
4.133613875754049,4.133613875754049
-8.521784050879049,-8.521784050879049
1.822224590544705,1.822224590544705
2.055166413801132,2.055166413801132
6.894101712430249,6.894101712430249
1.129080175629273,1.129080175629273
7.991540484149173,7.991540484149173
5.600660706089098,5.600660706089098
-9.16473517777984,-9.16473517777984
3.473726840200989,3.473726840200989
0.7842114186678764,0.7842114186678764
0.13710668114272906,0.13710668114272906
6.758095891701291,6.758095891701291
-1.3300620626136865,-1.3300620626136865
0.8488259840922634,0.8488259840922634
7.944903120035519,7.944903120035519
-3.4161675664591122,-3.4161675664591122
7.378614038410664,7.378614038410664
-9.980199976780055,-9.980199976780055
-5.804358741378943,-5.804358741378943
5.553991133956027,5.553991133956027
0.7277338754752645,0.7277338754752645
0.13455754941855425,0.13455754941855425
5.112060292462806,5.112060292462806
-6.640194268610875,-6.640194268610875
-0.5907562344467507,-0.5907562344467507
-4.193707248234812,-4.193707248234812
6.807572809229487,6.807572809229487
-5.986574041788584,-5.986574041788584
-9.937813457038063,-9.937813457038063
2.619893656356922,2.619893656356922
-7.928792266316496,-7.928792266316496
-6.12741831556124,-6.12741831556124
0.030035122331399933,0.030035122331399933
-2.8176579717907764,-2.8176579717907764
2.0636653388436326,2.0636653388436326
5.52344222576734,5.52344222576734
9.503090051350274,9.503090051350274
2.0785844834382434,2.0785844834382434
-3.560290997444266,-3.560290997444266
-4.5738389032193645,-4.5738389032193645
-0.804195378686682,-0.804195378686682
4.150285587695713,4.150285587695713
4.853989854437113,4.853989854437113
-4.415228968939935,-4.415228968939935
-8.814286702512895,-8.814286702512895
8.324816868287805,8.324816868287805
1.6826508369660313,1.6826508369660313
-7.099312036920513,-7.099312036920513
-1.0011099639118584,-1.0011099639118584
-8.990569661406942,-8.990569661406942
-2.1414437698157336,-2.1414437698157336
-1.4289596362266028,-1.4289596362266028
-4.427819336475844,-4.427819336475844
0.44025815265668733,0.44025815265668733
-7.394687071084041,-7.394687071084041
-9.627739806825147,-9.627739806825147
9.170095778432586,9.170095778432586
2.4831598086227444,2.4831598086227444
6.332683657782312,6.332683657782312
0.200901301179659,0.200901301179659
1.3616511883427052,1.3616511883427052
-7.931489693094864,-7.931489693094864
0.9954172274224486,0.9954172274224486
3.03478823425235,3.03478823425235
7.605290491002393,7.605290491002393
-1.6676453494966896,-1.6676453494966896
-4.109500340857075,-4.109500340857075
-5.272790135959071,-5.272790135959071
6.746181723235782,6.746181723235782
4.2669878901542475,4.2669878901542475
8.519191318044783,8.519191318044783
-1.181349207305832,-1.181349207305832
1.6002576052274247,1.6002576052274247
-6.187819426109449,-6.187819426109449
-0.8503626491267458,-0.8503626491267458
2.8557718361145668,2.8557718361145668
-1.3404137505715212,-1.3404137505715212
4.014429538879723,4.014429538879723
6.230721954485748,6.230721954485748
5.518719942781416,5.518719942781416
9.137596544314889,9.137596544314889
-9.21621360692125,-9.21621360692125
-5.868537708914172,-5.868537708914172
4.316225809582374,4.316225809582374
-9.007243594435703,-9.007243594435703
-1.2219610865277346,-1.2219610865277346
2.393297011392363,2.393297011392363
9.331893385433773,9.331893385433773
7.475293059118652,7.475293059118652
3.1399048327628503,3.1399048327628503
3.6440953668878358,3.6440953668878358
7.5948786330693565,7.5948786330693565
-7.303191304217229,-7.303191304217229
2.046721732042256,2.046721732042256
-7.745857987471309,-7.745857987471309
0.767997296051032,0.767997296051032
-8.808523634036652,-8.808523634036652
2.6497727907014124,2.6497727907014124
7.515102124858174,7.515102124858174
3.053867252733829,3.053867252733829
4.913753963975687,4.913753963975687
0.8512280199707796,0.8512280199707796
-2.257887797460249,-2.257887797460249
-0.7179024650099723,-0.7179024650099723
-0.3096017170525318,-0.3096017170525318
-7.7164290949597625,-7.7164290949597625
-4.843444854359616,-4.843444854359616
1.1224593091261,1.1224593091261
2.2274660100926287,2.2274660100926287
0.7889457790225869,0.7889457790225869
8.16466261686362,8.16466261686362
-4.05109399638836,-4.05109399638836
6.020897405430482,6.020897405430482
-2.39592322896915,-2.39592322896915
6.412693414061824,6.412693414061824
8.995532810849863,8.995532810849863
-3.657172320785844,-3.657172320785844
0.885290683858404,0.885290683858404
-0.20076622598182148,-0.20076622598182148
-7.448804763249481,-7.448804763249481
-9.982521055418125,-9.982521055418125
-7.990710173954576,-7.990710173954576
5.1273125209623025,5.1273125209623025
-8.981927661624065,-8.981927661624065
-6.321453944952231,-6.321453944952231
-4.170579271387069,-4.170579271387069
-6.0794649061016965,-6.0794649061016965
9.18024644746842,9.18024644746842
-0.25528399770543686,-0.25528399770543686
-1.5962982906688588,-1.5962982906688588
-5.33777489117025,-5.33777489117025
0.7445063154123552,0.7445063154123552
4.002449178033649,4.002449178033649
-9.5922687291578,-9.5922687291578
1.3312155921452256,1.3312155921452256
6.5440402731173535,6.5440402731173535
-7.3295062980416965,-7.3295062980416965
2.5545149928243926,2.5545149928243926
2.640918745337226,2.640918745337226
-6.697348772027318,-6.697348772027318
-4.0500157242024155,-4.0500157242024155
-6.192110131940889,-6.192110131940889
6.076049310791703,6.076049310791703
4.165274959984753,4.165274959984753
3.666792865930786,3.666792865930786
-2.772985853033642,-2.772985853033642
-0.9533570039030934,-0.9533570039030934
-0.42824172318850273,-0.42824172318850273
-6.226010386922507,-6.226010386922507
1.763835119426954,1.763835119426954
-6.63287518273846,-6.63287518273846
1.8610148943412224,1.8610148943412224
9.710857035215536,9.710857035215536
-8.574613046900755,-8.574613046900755
-1.8747720001340014,-1.8747720001340014
-3.428266225357726,-3.428266225357726
1.0508483274916927,1.0508483274916927
2.486119606764907,2.486119606764907
0.46613555613984126,0.46613555613984126
0.05162493108843158,0.05162493108843158
6.570366372167456,6.570366372167456
7.605146216974326,7.605146216974326
-5.583444595741072,-5.583444595741072
4.979775131574371,4.979775131574371
-0.4159491246913447,-0.4159491246913447
-6.181265823321724,-6.181265823321724
-7.990240578489942,-7.990240578489942
-2.868956450997149,-2.868956450997149
-8.686065130808448,-8.686065130808448
2.8265697792340543,2.8265697792340543
-5.779771631627126,-5.779771631627126
2.0568792637242375,2.0568792637242375
-3.989391498947235,-3.989391498947235
-5.6649404137806165,-5.6649404137806165
2.402021069169482,2.402021069169482
-5.15332584694397,-5.15332584694397
7.900495069197866,7.900495069197866
-5.174867415495785,-5.174867415495785
-8.880543748913565,-8.880543748913565
-5.455859359413571,-5.455859359413571
-2.241343198290915,-2.241343198290915
-1.9998765755397692,-1.9998765755397692
-2.2367465147394565,-2.2367465147394565
0.0804640418940501,0.0804640418940501
-4.882655380421237,-4.882655380421237
2.2664459093733225,2.2664459093733225
-1.102718093782972,-1.102718093782972
6.675444911736751,6.675444911736751
2.091682319387907,2.091682319387907
4.413314452090269,4.413314452090269
-1.9807845412427767,-1.9807845412427767
9.718416076960072,9.718416076960072
7.746083945405815,7.746083945405815
6.78274305036863,6.78274305036863
-3.1012478496860663,-3.1012478496860663
7.721481564243618,7.721481564243618
3.762760711308248,3.762760711308248
-3.5759533863400117,-3.5759533863400117
-4.393241635594696,-4.393241635594696
-8.601435186431383,-8.601435186431383
5.425433186879143,5.425433186879143
3.308029211821534,3.308029211821534
6.885845755817005,6.885845755817005
-9.420295867940196,-9.420295867940196
-6.462142706433845,-6.462142706433845
5.901894509187535,5.901894509187535
-5.970833236786324,-5.970833236786324
-9.044431671639074,-9.044431671639074
5.498238425499176,5.498238425499176
-9.040967952348486,-9.040967952348486
1.4362832335027385,1.4362832335027385
9.563707261824554,9.563707261824554
-6.255556231652928,-6.255556231652928
-0.6999235489198785,-0.6999235489198785
0.6208314539001076,0.6208314539001076
-8.809668984437371,-8.809668984437371
-4.9155084282917505,-4.9155084282917505
7.461806517530846,7.461806517530846
8.569039024277124,8.569039024277124
-9.369329099404345,-9.369329099404345
4.131361037676966,4.131361037676966
7.697453992847024,7.697453992847024
-2.6002072411051236,-2.6002072411051236
3.555432251924886,3.555432251924886
0.7462671356440325,0.7462671356440325
5.643640128970588,5.643640128970588
6.482890446204269,6.482890446204269
4.340984404041272,4.340984404041272
-1.6958655589020228,-1.6958655589020228
-4.438051742524809,-4.438051742524809
-7.671871447491632,-7.671871447491632
-9.452174068843124,-9.452174068843124
8.025227028127336,8.025227028127336
7.689060809146621,7.689060809146621
-4.171859218411898,-4.171859218411898
-1.0003996316413595,-1.0003996316413595
-9.105527007435132,-9.105527007435132
-4.170457073186579,-4.170457073186579
-1.2255785382754425,-1.2255785382754425
2.9404191484618565,2.9404191484618565
-0.9722512414779807,-0.9722512414779807
3.748223859176269,3.748223859176269
-8.782819190796403,-8.782819190796403
8.538569601292966,8.538569601292966
9.125284893903626,9.125284893903626
-0.46428652723404795,-0.46428652723404795
1.539724804347598,1.539724804347598
5.255123385129936,5.255123385129936
3.067317496729183,3.067317496729183
3.7063224514500916,3.7063224514500916
-2.273027502783238,-2.273027502783238
-4.553126493202577,-4.553126493202577
3.44517496174425,3.44517496174425
9.797477033676255,9.797477033676255
-7.7097852512661325,-7.7097852512661325
-6.871772416529898,-6.871772416529898
0.42504274600121406,0.42504274600121406
0.2688606777151499,0.2688606777151499
0.35524210674894086,0.35524210674894086
-8.90991675634891,-8.90991675634891
0.27669608848736615,0.27669608848736615
-6.373426884994471,-6.373426884994471
2.523556488022333,2.523556488022333
-7.062673710009086,-7.062673710009086
-1.5137033689333652,-1.5137033689333652
8.019298819138363,8.019298819138363
-4.931735485965549,-4.931735485965549
7.770524933729977,7.770524933729977
3.5052661849652704,3.5052661849652704
6.6902759131416225,6.6902759131416225
-3.8505412325867017,-3.8505412325867017
9.344832371357164,9.344832371357164
2.473417224272165,2.473417224272165
0.16955030962800777,0.16955030962800777
5.677156539443546,5.677156539443546
4.095354112312169,4.095354112312169
-5.728925978439767,-5.728925978439767
0.642930870259308,0.642930870259308
-7.6168572559775,-7.6168572559775
-3.310566309057217,-3.310566309057217
-0.0788813720803816,-0.0788813720803816
-2.618925338833691,-2.618925338833691
-4.056264294709713,-4.056264294709713
2.7595209027768224,2.7595209027768224
-9.799352658784198,-9.799352658784198
7.395996283186271,7.395996283186271
2.792730459217328,2.792730459217328
2.576665078054363,2.576665078054363
0.07991139709463191,0.07991139709463191
-4.116788659150837,-4.116788659150837
2.1874547511040703,2.1874547511040703
-5.936194294501274,-5.936194294501274
3.776603414942638,3.776603414942638
-2.869417765714135,-2.869417765714135
-7.88752673896388,-7.88752673896388
6.999662903702859,6.999662903702859
9.591125798717158,9.591125798717158
7.813517012436222,7.813517012436222
-5.546309604779296,-5.546309604779296
5.232510280052367,5.232510280052367
3.5937753906618948,3.5937753906618948
6.324400601425232,6.324400601425232
-8.745857082873416,-8.745857082873416
1.5386178288122299,1.5386178288122299
-9.096258512081626,-9.096258512081626
-3.5588642497939844,-3.5588642497939844
3.8167463769222962,3.8167463769222962
3.9916670280393607,3.9916670280393607
5.467038461234864,5.467038461234864
6.413591099632001,6.413591099632001
-1.859164627302249,-1.859164627302249
7.266731033707131,7.266731033707131
4.238174944980473,4.238174944980473
-0.2729646884522392,-0.2729646884522392
5.236064944188028,5.236064944188028
-2.5655023370234575,-2.5655023370234575
-6.429338318793119,-6.429338318793119
3.934227208977493,3.934227208977493
-4.2115311518202585,-4.2115311518202585
-7.055489978780671,-7.055489978780671
-5.919651518358862,-5.919651518358862
5.7692530512657125,5.7692530512657125
-3.30941508717129,-3.30941508717129
-9.26130841029704,-9.26130841029704
-4.505820541317405,-4.505820541317405
7.854125137328296,7.854125137328296
3.0692662436332814,3.0692662436332814
-9.95645190870131,-9.95645190870131
6.850633572460893,6.850633572460893
-8.219398002298362,-8.219398002298362
2.5442187441363213,2.5442187441363213
7.898722905352031,7.898722905352031
-7.034079202323111,-7.034079202323111
-9.549660955006276,-9.549660955006276
9.833185465674738,9.833185465674738
4.4835303702762666,4.4835303702762666
-3.450169622931636,-3.450169622931636
8.034285989142738,8.034285989142738
-3.4860575384894528,-3.4860575384894528
-1.824729615136027,-1.824729615136027
-6.7835087237948155,-6.7835087237948155
-6.378012890838072,-6.378012890838072
-4.193226434593996,-4.193226434593996
6.477896190705547,6.477896190705547
4.203271865153512,4.203271865153512
3.295659619655641,3.295659619655641
-0.42860486814598353,-0.42860486814598353
8.961028263029167,8.961028263029167
5.813228000353831,5.813228000353831
-5.162782369839867,-5.162782369839867
-0.13569779009250027,-0.13569779009250027
-5.717142700216835,-5.717142700216835
2.210154448373359,2.210154448373359
5.101656157473313,5.101656157473313
-7.966212888488757,-7.966212888488757
2.9018807646519633,2.9018807646519633
6.064694898628602,6.064694898628602
5.062383735813196,5.062383735813196
-2.9390042198494655,-2.9390042198494655
6.477792938956945,6.477792938956945
1.2270959546074405,1.2270959546074405
0.036281689169916476,0.036281689169916476
6.565289021803178,6.565289021803178
-9.938027491893468,-9.938027491893468
7.225823591870935,7.225823591870935
5.329305901904229,5.329305901904229
-5.654792090394604,-5.654792090394604
-7.514202197237654,-7.514202197237654
8.758302484302934,8.758302484302934
-8.001375003485778,-8.001375003485778
5.953732849912248,5.953732849912248
-8.183541068785274,-8.183541068785274
1.2496547810904062,1.2496547810904062
-3.3219465536558506,-3.3219465536558506
-6.318910149219031,-6.318910149219031
-8.879324864895548,-8.879324864895548
3.8802386704103036,3.8802386704103036
6.0930017083357235,6.0930017083357235
5.148103498302945,5.148103498302945
-6.843762763772608,-6.843762763772608
2.779271136200949,2.779271136200949
-2.529123165829395,-2.529123165829395
-3.774437000149451,-3.774437000149451
3.3134897975387307,3.3134897975387307
-4.968796702514451,-4.968796702514451
-3.9202709957191573,-3.9202709957191573
1.8090831193430184,1.8090831193430184
-3.4863522620644165,-3.4863522620644165
-8.794855211099428,-8.794855211099428
-2.7531270785804534,-2.7531270785804534
-7.441784197244057,-7.441784197244057
-3.6113089431519203,-3.6113089431519203
-6.9008502963097555,-6.9008502963097555
9.680339126944851,9.680339126944851
-1.223228239412805,-1.223228239412805
4.7213082549575915,4.7213082549575915
-5.7957999753727085,-5.7957999753727085
-3.2296897819415786,-3.2296897819415786
-7.232062478338809,-7.232062478338809
8.228039546429066,8.228039546429066
-8.816474969196344,-8.816474969196344
-7.586073291952424,-7.586073291952424
-1.914017218767274,-1.914017218767274
-7.2629722036135576,-7.2629722036135576
4.381586160573558,4.381586160573558
3.507901066440999,3.507901066440999
-2.0944676656246086,-2.0944676656246086
3.66525000116188,3.66525000116188
9.752705862303745,9.752705862303745
-6.466662334052071,-6.466662334052071
-7.866665636541259,-7.866665636541259
-7.691185419153954,-7.691185419153954
-5.181895625376445,-5.181895625376445
-0.22029551037660866,-0.22029551037660866
-2.531586317350307,-2.531586317350307
-1.4453859610699453,-1.4453859610699453
5.367069414666075,5.367069414666075
7.649048141578497,7.649048141578497
-3.6799539415016636,-3.6799539415016636
4.987579443707276,4.987579443707276
3.596366135950964,3.596366135950964
-3.418084378006922,-3.418084378006922
8.133368794878528,8.133368794878528
4.842862061782503,4.842862061782503
-6.522697032590465,-6.522697032590465
6.1409959775015075,6.1409959775015075
6.403644953800935,6.403644953800935
-4.938790070925474,-4.938790070925474
-6.729906566771106,-6.729906566771106
-1.3800210528649686,-1.3800210528649686
5.249343212930837,5.249343212930837
-0.06133640761139958,-0.06133640761139958
9.151790338622419,9.151790338622419
1.3791787334465901,1.3791787334465901
-4.318281376507098,-4.318281376507098
8.739925464151714,8.739925464151714
-9.894143529626414,-9.894143529626414
3.348639011304231,3.348639011304231
-2.22633312526985,-2.22633312526985
-7.356307008734593,-7.356307008734593
-4.468462561893682,-4.468462561893682
9.877405969552619,9.877405969552619
-9.572531066973829,-9.572531066973829
4.525383202590623,4.525383202590623
9.985882335435385,9.985882335435385
-3.340833776098096,-3.340833776098096
-9.282759582514755,-9.282759582514755
-5.980078314601478,-5.980078314601478
-6.990229204225729,-6.990229204225729
7.615473586948212,7.615473586948212
-8.15393225334528,-8.15393225334528
0.8918362681223115,0.8918362681223115
7.596767126324096,7.596767126324096
0.7474768300522143,0.7474768300522143
8.762775485759427,8.762775485759427
-6.202257689491304,-6.202257689491304
5.399992184566679,5.399992184566679
-2.389721237949132,-2.389721237949132
3.900067978865266,3.900067978865266
-1.7949653334255107,-1.7949653334255107
-2.2823781218125934,-2.2823781218125934
-2.2308082091310277,-2.2308082091310277
-7.179673114510989,-7.179673114510989
-2.061281082503468,-2.061281082503468
2.7001099678479807,2.7001099678479807
-5.8310307868506195,-5.8310307868506195
4.004367942948118,4.004367942948118
2.2917293158547523,2.2917293158547523
5.66697266089653,5.66697266089653
8.687457742732704,8.687457742732704
9.180411022973814,9.180411022973814
-0.7189486275020585,-0.7189486275020585
4.294228059435817,4.294228059435817
5.423252876484497,5.423252876484497
4.942217825985768,4.942217825985768
-2.4516743530499463,-2.4516743530499463
-9.131465996090938,-9.131465996090938
-8.051074382932432,-8.051074382932432
-7.204160581291809,-7.204160581291809
5.805163145868233,5.805163145868233
-8.370949709116735,-8.370949709116735
-5.8896092770491055,-5.8896092770491055
-4.781939062869167,-4.781939062869167
-5.514646189083335,-5.514646189083335
-2.9445664854423708,-2.9445664854423708
-9.398889326277187,-9.398889326277187
6.9286329850792185,6.9286329850792185
-1.5875580018198292,-1.5875580018198292
8.378445933776625,8.378445933776625
-0.1837682899717521,-0.1837682899717521
-8.011875473443443,-8.011875473443443
-7.998992070201578,-7.998992070201578
5.078873795391729,5.078873795391729
-8.995478832541435,-8.995478832541435
-9.94132577408779,-9.94132577408779
-8.393421156570206,-8.393421156570206
-6.682612429787258,-6.682612429787258
9.643200114613137,9.643200114613137
4.915073767570474,4.915073767570474
-2.2066035650073923,-2.2066035650073923
7.350496553756329,7.350496553756329
3.22798605193978,3.22798605193978
0.13134517106993115,0.13134517106993115
-0.2543400124139339,-0.2543400124139339
-9.130039369493652,-9.130039369493652
-6.3984744810734835,-6.3984744810734835
1.158134130422317,1.158134130422317
6.959350439802634,6.959350439802634
-4.481950184924273,-4.481950184924273
8.120830660030268,8.120830660030268
-6.43177975493284,-6.43177975493284
-2.0263863462148084,-2.0263863462148084
4.317790359725091,4.317790359725091
-5.733229951558481,-5.733229951558481
7.332036616592738,7.332036616592738
-5.938224368183686,-5.938224368183686
-2.314896213162374,-2.314896213162374
-3.0856409163493215,-3.0856409163493215
0.5033769317758967,0.5033769317758967
2.7282724449150653,2.7282724449150653
8.664136851394922,8.664136851394922
-6.862360786492589,-6.862360786492589
6.8252766753136775,6.8252766753136775
-2.6003958014197615,-2.6003958014197615
-2.1779033590664776,-2.1779033590664776
9.345497835595495,9.345497835595495
1.4141567645710893,1.4141567645710893
-7.843728357921074,-7.843728357921074
0.9923714782670867,0.9923714782670867
-9.02191687877858,-9.02191687877858
8.891497960756979,8.891497960756979
-5.895921086135038,-5.895921086135038
9.15676338695679,9.15676338695679
2.1801402817480096,2.1801402817480096
0.8026190347160238,0.8026190347160238
-6.707972513486817,-6.707972513486817
-3.1068268212099825,-3.1068268212099825
9.490214969928104,9.490214969928104
-6.677684647155646,-6.677684647155646
4.350403529513727,4.350403529513727
-1.0566287913058972,-1.0566287913058972
-4.108912600245382,-4.108912600245382
-6.671181560197327,-6.671181560197327
7.60985519989589,7.60985519989589
9.068675815898366,9.068675815898366
-8.268565749721601,-8.268565749721601
-4.943946550872786,-4.943946550872786
-5.091266029784409,-5.091266029784409
6.795627890343194,6.795627890343194
0.7257184874975593,0.7257184874975593
-6.775419064503858,-6.775419064503858
3.7784636213428424,3.7784636213428424
0.013076343956569758,0.013076343956569758
2.626166312954087,2.626166312954087
1.7567397444961834,1.7567397444961834
9.526858447799238,9.526858447799238
1.0597843512265808,1.0597843512265808
0.09724310369400158,0.09724310369400158
9.43558380533063,9.43558380533063
1.6207254042381187,1.6207254042381187
-4.573160848387323,-4.573160848387323
4.989988105618554,4.989988105618554
0.6332415449147852,0.6332415449147852
7.470117226176114,7.470117226176114
-8.264148943209353,-8.264148943209353
9.615157577575868,9.615157577575868
7.877065980827634,7.877065980827634
-2.971944866980065,-2.971944866980065
6.347860299863889,6.347860299863889
9.411464932873116,9.411464932873116
7.8500984611648725,7.8500984611648725
-6.8255646315302965,-6.8255646315302965
2.2411122351510464,2.2411122351510464
-1.0481770413464346,-1.0481770413464346
6.918967716645298,6.918967716645298
-1.6904063711415631,-1.6904063711415631
-1.0300381566783283,-1.0300381566783283
-7.2614948333274265,-7.2614948333274265
7.488485690087131,7.488485690087131
4.760486456204925,4.760486456204925
6.240713650117154,6.240713650117154
1.9848825231970402,1.9848825231970402
-0.8029237183530533,-0.8029237183530533
4.5924408049527585,4.5924408049527585
-1.724795033309638,-1.724795033309638
2.69019216170809,2.69019216170809
-8.239057948129476,-8.239057948129476
-7.765586471177233,-7.765586471177233
9.74075757860945,9.74075757860945
3.020252426923232,3.020252426923232
-0.8383485974964202,-0.8383485974964202